todo,subject,criteria,content,flag
1,데이터 전처리,결측치 채우기,"""요단백""의 결측치를 최빈값으로 대체한다.",False
2,데이터 전처리,결측치 채우기,"""LDL콜레스테롤""의 결측치를 중앙값으로 대체한다.",False
3,데이터 전처리,결측치 확인,전체 데이터에 결측치가 있는지 확인한다.,False
4,데이터셋 분리,데이터셋 분리,"train, test 가 8:2로 되도록 분리한다.",False
5,모델 만들기,모델 만들기,RandomForestClassifier 모델을 정의한다.,False
6,모델의 성능 측정하기,Accuracy를 통한 성능 측정,사이킷런의 accuracy_score 를 통해 테스트 데이터 예측의 정확도가 72 이상이 나오는지 확인한다.,False
